block_id,verdict,footprint_class,ops_touched
torchvision__BasicBlock__facb2b2e,Abstain,tested-only,batch_norm|relu
torchvision__Bottleneck__6e509c98,Abstain,tested-only,batch_norm|relu
torchvision__ResNet__c58f6c46,Abstain,tested-only,adaptive_avg_pool|batch_norm|conv2d|flatten|group_norm|linear|max_pool2d|relu
torchvision__InvertedResidual__8b858391,Verified,tested-only,batch_norm|conv2d
torchvision__MobileNetV2__6436dda3,Abstain,tested-only,batch_norm|conv2d|dropout|flatten|group_norm|linear
torchvision__InvertedResidual__c8095521,Abstain,audited,relu
torchvision__MobileNetV3__ac65cce2,Abstain,tested-only,adaptive_avg_pool|batch_norm|conv2d|dropout|flatten|group_norm|linear
torchvision__EfficientNet__9f84b703,Abstain,tested-only,adaptive_avg_pool|batch_norm|conv2d|dropout|flatten|group_norm|linear|silu
torchvision__FusedMBConv__ecebccff,Abstain,audited,silu
torchvision__MBConv__f527375d,Abstain,audited,silu
torchvision__DenseNet__a093c450,Verified,tested-only,adaptive_avg_pool|batch_norm|conv2d|flatten|linear|max_pool2d|relu
torchvision__AnyStage__8a5bd23f,Refuted,audited,
torchvision__BottleneckTransform__3e2052e8,Refuted,audited,
torchvision__RegNet__6f370d88,Abstain,tested-only,adaptive_avg_pool|batch_norm|conv2d|flatten|linear|relu
torchvision__ResBottleneckBlock__87f0d2c0,Abstain,audited,
torchvision__SimpleStemIN__0d58277f,Refuted,audited,
torchvision__InvertedResidual__06250e16,Refuted,tested-only,batch_norm|cat|chunk|conv2d|relu
torchvision__ShuffleNetV2__fe61469b,Abstain,tested-only,batch_norm|conv2d|linear|max_pool2d|reduce|relu
torchvision__MNASNet__46e9b1aa,Refuted,tested-only,batch_norm|conv2d|creation_ops|dropout|linear|reduce|relu
torchvision__Fire__0a834437,Verified,audited,cat|conv2d|relu|squeeze
torchvision__SqueezeNet__0a56d689,Verified,tested-only,adaptive_avg_pool|conv2d|dropout|flatten|max_pool2d|relu
torchvision__Encoder__b1234776,Abstain,tested-only,creation_ops|dropout|layer_norm
torchvision__EncoderBlock__baabd083,Abstain,tested-only,dropout|layer_norm|multihead_attention
torchvision__MLPBlock__0bb7878a,Refuted,audited,gelu|linear
torchvision__VisionTransformer__475440d2,Abstain,tested-only,cat|conv2d|creation_ops|expand|layer_norm|linear|permute|reshape|tanh
torchvision__PatchMerging__b97a5f6d,Abstain,audited,layer_norm|linear
torchvision__PatchMergingV2__81d9e2b7,Abstain,audited,layer_norm|linear
torchvision__ShiftedWindowAttention__8455e6fe,Abstain,tested-only,contiguous|creation_ops|flatten|linear|permute|reduce|stack
torchvision__ShiftedWindowAttentionV2__22e6dcee,Refuted,tested-only,contiguous|creation_ops|elementwise_binary|linear|permute|relu|sigmoid|stack|unsqueeze|view
torchvision__SwinTransformer__406f0da6,Abstain,tested-only,adaptive_avg_pool|conv2d|flatten|layer_norm|linear|permute
torchvision__SwinTransformerBlock__ddab822f,Abstain,audited,gelu|layer_norm|linear
torchvision__SwinTransformerBlockV2__2cf95697,Refuted,audited,layer_norm
torchvision__CNBlock__9d3f5aaf,Abstain,tested-only,conv2d|creation_ops|gelu|layer_norm|linear
torchvision__ConvNeXt__9165120f,Abstain,tested-only,adaptive_avg_pool|conv2d|linear
torchvision__LayerNorm2d__5e6edc17,Verified,audited,layer_norm|permute
torchvision__MBConv__152e669c,Verified,tested-only,avg_pool2d|conv2d|silu
torchvision__MaxVit__ce854b10,Verified,tested-only,adaptive_avg_pool|batch_norm|conv2d|gelu|layer_norm|linear|tanh
torchvision__MaxVitBlock__c35855fb,Abstain,audited,
torchvision__MaxVitLayer__b533ec97,Verified,audited,layer_norm
torchvision__PartitionAttentionLayer__e27baac3,Abstain,audited,dropout|layer_norm|linear
torchvision__RelativePositionalMultiHeadAttention__53fc0512,Abstain,tested-only,chunk|contiguous|creation_ops|einsum|linear|permute|reshape|softmax|unsqueeze|view
torchvision__SwapAxes__13291fa5,Verified,audited,
torchvision__WindowDepartition__4c859ec3,Verified,audited,permute|reshape
torchvision__WindowPartition__35b9db0d,Refuted,audited,permute|reshape
torchvision__BasicBlock__1f3c4ff7,Abstain,tested-only,batch_norm|relu
torchvision__BasicStem__a9744e0a,Refuted,tested-only,batch_norm|conv3d|relu
torchvision__Bottleneck__8d213acd,Abstain,tested-only,batch_norm|conv3d|relu
torchvision__Conv2Plus1D__04cb4bbf,Refuted,tested-only,batch_norm|conv3d|relu
torchvision__Conv3DNoTemporal__84cca75c,Refuted,audited,conv3d
torchvision__Conv3DSimple__d388d7d1,Refuted,audited,conv3d
torchvision__R2Plus1dStem__cae0e078,Refuted,tested-only,batch_norm|conv3d|relu
torchvision__VideoResNet__ada67880,Abstain,tested-only,adaptive_avg_pool|batch_norm|conv3d|flatten|linear
torchvision__ASPP__8f03f871,Verified,tested-only,batch_norm|cat|conv2d|dropout|relu
torchvision__ASPPConv__b2767128,Refuted,tested-only,batch_norm|conv2d|relu
torchvision__ASPPPooling__5baa6bca,Refuted,tested-only,adaptive_avg_pool|batch_norm|conv2d|interpolate|relu
torchvision__DeepLabHead__41d22de9,Refuted,tested-only,batch_norm|conv2d|relu
torchvision__DeepLabV3__2bdf590b,Refuted,audited,
torchvision__FCN__f4f78ed2,Refuted,audited,
torchvision__FCNHead__0dd9f67b,Refuted,tested-only,batch_norm|conv2d|dropout|relu
torchvision__LRASPP__57ba7a9b,Abstain,tested-only,interpolate
torchvision__LRASPPHead__fe203cd4,Refuted,tested-only,adaptive_avg_pool|batch_norm|conv2d|interpolate|relu|sigmoid
torchvision__Conv2dNormActivation__157d8fd4,Refuted,tested-only,batch_norm|conv2d|relu
torchvision__Conv3dNormActivation__e2222bf1,Refuted,tested-only,batch_norm|conv3d|relu
torchvision__ConvNormActivation__31ac3cfd,Refuted,tested-only,batch_norm|conv2d|relu
torchvision__FrozenBatchNorm2d__6045250e,Verified,tested-only,creation_ops|reshape
torchvision__MLP__14e1a24d,Refuted,audited,dropout|linear|relu
torchvision__Permute__c578fee9,Verified,audited,permute
torchvision__SqueezeExcitation__9cf01ef0,Abstain,tested-only,adaptive_avg_pool|conv2d|relu|sigmoid
torchvision__ExtraFPNBlock__3db74521,Verified,audited,
torchvision__FeaturePyramidNetwork__0ad405dd,Abstain,tested-only,conv2d|creation_ops|interpolate
torchvision__LastLevelMaxPool__8cfe9276,Refuted,tested-only,max_pool2d
torchvision__LastLevelP6P7__3cc67870,Refuted,audited,conv2d|relu
timm__BasicBlock__0c23b6cb,Abstain,tested-only,batch_norm|conv2d|relu
timm__Bottleneck__d8963bbe,Abstain,tested-only,batch_norm|conv2d|relu
timm__ResNet__bfd20515,Abstain,tested-only,avg_pool2d|batch_norm|conv2d|dropout|max_pool2d|relu
timm__Block__3bb5a41e,Abstain,audited,gelu
timm__DiffParallelScalingBlock__8a54b29d,Abstain,tested-only,cat|creation_ops|dropout|elementwise_binary|gelu|linear|reduce|reshape|scaled_dot_product_attention|split|transpose|unbind|view
timm__ParallelScalingBlock__d7876d3b,Abstain,tested-only,cat|creation_ops|dropout|gelu|linear|reshape|scaled_dot_product_attention|split|transpose|view
timm__ParallelThingsBlock__61fc9e7f,Verified,audited,gelu|reduce|stack
timm__ResPostBlock__77d8eb34,Abstain,audited,gelu
timm__VisionTransformer__4a5613ac,Abstain,tested-only,cat|checkpoint|contiguous|creation_ops|dropout|expand|gelu|linear|permute|reshape|view
timm__PatchMerging__6aa19f74,Abstain,audited,flatten|layer_norm|linear|permute|reshape
timm__SwinTransformer__0f191eae,Abstain,audited,contiguous|layer_norm|permute
timm__SwinTransformerBlock__64269d53,Abstain,tested-only,contiguous|creation_ops|gelu|layer_norm|pad|reshape|roll_flip|unsqueeze|view
timm__SwinTransformerStage__519ea9c1,Verified,audited,layer_norm
timm__WindowAttention__2cfdd149,Abstain,tested-only,contiguous|creation_ops|dropout|expand|linear|permute|reshape|softmax|transpose|unbind|unsqueeze|view
timm__PatchMerging__fbc82ca8,Abstain,audited,flatten|layer_norm|linear|permute|reshape
timm__SwinTransformerV2__a165096c,Abstain,audited,contiguous|layer_norm|linear|permute
timm__SwinTransformerV2Block__bbc6501d,Abstain,tested-only,contiguous|creation_ops|layer_norm|pad|reshape|roll_flip|unsqueeze|view
timm__SwinTransformerV2Stage__a8ddb1b3,Verified,tested-only,checkpoint|layer_norm
timm__WindowAttention__c308c59d,Abstain,tested-only,cat|clamp|contiguous|creation_ops|dropout|elementwise_binary|flatten|linear|permute|reduce|relu|reshape|sigmoid|softmax|stack|to|transpose|unbind|unsqueeze|view
timm__ConvNeXt__5b52696a,Abstain,audited,conv2d
timm__ConvNeXtBlock__e48fc330,Abstain,tested-only,creation_ops|linear|permute|reshape
timm__ConvNeXtStage__0b95344a,Refuted,audited,
timm__Downsample__60802c6d,Verified,tested-only,avg_pool2d
timm__Affine__8f1d3b4a,Verified,tested-only,creation_ops
timm__MixerBlock__aa30e6b1,Abstain,audited,gelu|layer_norm|transpose
timm__MlpMixer__df86273c,Abstain,tested-only,checkpoint|contiguous|dropout|gelu|layer_norm|linear|permute|reduce|reshape
timm__ResBlock__ae71b868,Abstain,tested-only,creation_ops|gelu|linear|transpose
timm__SpatialGatingBlock__732b4766,Abstain,audited,gelu|layer_norm
timm__SpatialGatingUnit__cddb36f2,Abstain,audited,chunk|layer_norm|linear|transpose
timm__Attention__003a0971,Abstain,tested-only,cat|contiguous|creation_ops|dropout|linear|permute|reshape|scaled_dot_product_attention|transpose|unbind|unsqueeze|view
timm__Beit__6997245c,Abstain,tested-only,cat|checkpoint|contiguous|creation_ops|dropout|expand|linear|permute|reduce|reshape
timm__Block__22c64202,Abstain,tested-only,creation_ops|gelu
timm__RelativePositionBias__1c05d937,Refuted,tested-only,contiguous|creation_ops|permute|view
timm__Cait__c540b873,Abstain,tested-only,cat|checkpoint|contiguous|creation_ops|dropout|expand|gelu|layer_norm|linear|permute|reduce|reshape|split
timm__ClassAttn__65cd4dd4,Abstain,audited,dropout|linear|permute|reshape|transpose|unsqueeze
timm__LayerScaleBlock__de8bbf28,Abstain,tested-only,creation_ops|gelu|layer_norm
timm__LayerScaleBlockClassAttn__a04ec1f5,Abstain,tested-only,cat|creation_ops|gelu|layer_norm
timm__TalkingHeadAttn__72c0467a,Refuted,audited,dropout|linear|permute|reshape|transpose
timm__CoaT__21d9ba11,Abstain,tested-only,cat|contiguous|conv1d|creation_ops|dropout|layer_norm|linear|permute|reduce|reshape|squeeze|stack
timm__ConvPosEnc__46471a50,Verified,audited,cat|conv2d|flatten|transpose|view
timm__ConvRelPosEnc__12b18106,Verified,audited,cat|conv2d|pad|reshape|split|transpose
timm__FactorAttnConvRelPosEnc__96fb8120,Abstain,audited,dropout|linear|permute|reshape|transpose|unbind
timm__ParallelBlock__8968d2ec,Abstain,tested-only,cat|gelu|interpolate|layer_norm|reshape|transpose
timm__SerialBlock__c9b429f0,Abstain,audited,gelu|layer_norm
timm__DownsampleAvg__b4e662f0,Abstain,tested-only,avg_pool2d
timm__GammaAct__4efebfe6,Abstain,audited,
timm__NormFreeBlock__9b86f571,Abstain,audited,
timm__NormFreeNet__f8ec1497,Abstain,audited,conv2d|linear
timm__Bottleneck__77e095f8,Abstain,tested-only,batch_norm|relu
timm__PreBottleneck__99ad5d36,Abstain,tested-only,batch_norm|relu
timm__RegNet__d55c9518,Abstain,audited,
timm__RegStage__0f4a69de,Abstain,audited,
timm__ClassAttentionBlock__724bc7b8,Abstain,tested-only,cat|creation_ops|gelu|layer_norm
timm__ConvPatchEmbed__208dd6fd,Abstain,audited,flatten|gelu|transpose
timm__LPI__d0666c5f,Abstain,tested-only,batch_norm|conv2d|gelu|permute|reshape
timm__PositionalEncodingFourier__03ca7b4f,Refuted,tested-only,cat|conv2d|creation_ops|elementwise_binary|flatten|permute|repeat|stack|to|unsqueeze
timm__XCA__14db1190,Abstain,tested-only,creation_ops|dropout|linear|permute|reshape|transpose|unbind
timm__XCABlock__1aa9c779,Abstain,tested-only,creation_ops|gelu|layer_norm
timm__Xcit__d8f8dfd8,Abstain,tested-only,cat|checkpoint|contiguous|creation_ops|dropout|expand|gelu|layer_norm|linear|permute|reduce|reshape
timm__Attention2d__b573c895,Abstain,audited,chunk|contiguous|conv2d|dropout|reshape|transpose|unbind|view
timm__AttentionCl__81d4b162,Abstain,audited,chunk|dropout|linear|reshape|transpose|unbind|view
timm__ConvNeXtBlock__7ac76913,Abstain,audited,conv2d|permute
timm__Downsample2d__f53cda31,Abstain,audited,conv2d|expand
timm__MaxxVit__2c4deb67,Abstain,audited,
timm__MaxxVitBlock__fbb3879c,Abstain,audited,permute
timm__MaxxVitStage__71291cd4,Verified,audited,
timm__MbConvBlock__01ae95fd,Abstain,audited,
timm__ParallelMaxxVitBlock__16c23033,Abstain,audited,permute
timm__ParallelPartitionAttention__2c8fbbd5,Abstain,audited,cat
timm__PartitionAttention2d__01e392ca,Abstain,audited,
timm__PartitionAttentionCl__aeba57a3,Abstain,audited,
timm__Stem__11b2bbe5,Abstain,audited,
timm__TransformerBlock2d__51206f56,Abstain,audited,
timm__Downsample__3e663d77,Abstain,audited,conv2d
timm__FocalModulation__90fdcf49,Abstain,audited,conv2d|dropout|gelu|reduce|split
timm__FocalNet__7032a739,Abstain,audited,
timm__FocalNetBlock__0ab5fc43,Abstain,audited,gelu
timm__FocalNetStage__80643dac,Verified,tested-only,checkpoint
timm__ChannelAttention__1ba2cfb8,Refuted,audited,linear|permute|reshape|transpose|unbind
timm__ChannelAttentionV2__eea03f08,Refuted,audited,linear|permute|reshape|transpose|unbind
timm__ChannelBlock__2289a984,Abstain,audited,flatten|gelu|layer_norm|transpose|view
timm__ConvPosEnc__8c9449a2,Abstain,audited,conv2d|gelu
timm__DaVit__aba3fde4,Abstain,tested-only,checkpoint|layer_norm|linear
timm__DaVitStage__5abae383,Verified,audited,layer_norm
timm__Downsample__6415ce59,Abstain,audited,conv2d|pad
timm__SpatialBlock__f859e43f,Abstain,audited,contiguous|flatten|gelu|layer_norm|pad|transpose|view
timm__Stem__1a50d7df,Abstain,audited,conv2d|pad
timm__WindowAttention__cf6bfdd8,Abstain,audited,linear|permute|reshape|scaled_dot_product_attention|softmax|transpose|unbind
timm__MultiScaleAttention__e287ef74,Abstain,tested-only,avg_pool2d|conv2d|creation_ops|layer_norm|linear|max_pool2d|permute|reshape|transpose|unbind
timm__MultiScaleAttentionPoolFirst__0cb0500f,Abstain,tested-only,avg_pool2d|conv2d|creation_ops|layer_norm|linear|max_pool2d|permute|reshape|transpose
timm__MultiScaleBlock__9124bb4e,Abstain,tested-only,cat|contiguous|layer_norm|linear|max_pool2d|permute|reshape|transpose
timm__MultiScaleVit__1fdce1df,Abstain,tested-only,cat|creation_ops|dropout|expand|linear|permute|reduce|reshape
timm__MultiScaleVitStage__59c4e020,Verified,tested-only,checkpoint|layer_norm
timm__PatchEmbed__7f433b21,Refuted,audited,conv2d|flatten|transpose
timm__CrossAttention__4bacd45e,Refuted,audited,dropout|linear|permute|reshape|transpose
timm__CrossAttentionBlock__50699d9e,Abstain,audited,gelu|layer_norm
timm__CrossVit__f8a3d9e3,Abstain,tested-only,cat|creation_ops|dropout|expand|layer_norm|linear|reduce|stack
timm__MultiScaleBlock__d9e6cc4a,Abstain,audited,cat|gelu|layer_norm|linear
timm__PatchEmbed__9a45599b,Abstain,audited,conv2d|flatten|relu|transpose
timm__Downsample2d__381e6ea5,Abstain,tested-only,avg_pool2d|conv2d|gelu|max_pool2d
timm__FeatureBlock__bf60f135,Verified,tested-only,avg_pool2d|gelu|max_pool2d
timm__GlobalContextVit__5296a802,Abstain,audited,linear
timm__GlobalContextVitBlock__8683a178,Abstain,audited,gelu|layer_norm|view
timm__GlobalContextVitStage__1906878a,Abstain,tested-only,checkpoint|contiguous|gelu|layer_norm|permute
timm__MbConvBlock__983d42de,Abstain,audited,conv2d|gelu
timm__Stem__8e32d116,Abstain,audited,conv2d|gelu
timm__WindowAttentionGlobal__ad24c494,Abstain,audited,contiguous|dropout|linear|permute|repeat|reshape|transpose|unbind
timm__VisionTransformerDistilled__032a9d92,Refuted,tested-only,cat|creation_ops|expand|linear|view
timm__BasicBlock__e2998185,Abstain,audited,
timm__BottleneckBlock__fd1e0bab,Abstain,audited,
timm__ByobNet__491ffc69,Abstain,audited,
timm__DarkBlock__375bb54f,Abstain,audited,
timm__DownsampleAvg__b958740c,Abstain,tested-only,avg_pool2d
timm__EdgeBlock__f4ebfba3,Abstain,audited,
timm__MobileOneBlock__a9033e51,Abstain,tested-only,batch_norm|conv2d|pad|reshape
timm__RepVggBlock__02fa50d1,Abstain,tested-only,batch_norm|conv2d|pad|reshape
timm__SelfAttnBlock__57172128,Abstain,audited,
timm__Stem__0600ee42,Refuted,tested-only,avg_pool2d|max_pool2d
timm__Attention2d__2e12b46f,Abstain,audited,chunk|contiguous|conv2d|dropout|reshape|transpose|unbind|view
timm__MultiQueryAttention2d__1d79bcf5,Abstain,tested-only,avg_pool2d|batch_norm|contiguous|dropout|einsum|permute|reshape|scaled_dot_product_attention|transpose|unsqueeze
timm__MultiQueryAttentionV2__2999ef94,Abstain,tested-only,creation_ops|dropout|einsum|reshape|transpose
timm__ConvMlp__320a5cbb,Abstain,audited,conv2d|dropout|relu
timm__GatedMlp__07760a6e,Abstain,audited,dropout|gelu|linear
timm__GlobalResponseNormMlp__3557ad2e,Abstain,audited,conv2d|dropout|gelu|linear
timm__GluMlp__85ab5720,Abstain,audited,chunk|conv2d|dropout|linear|sigmoid
timm__Mlp__62c90bd4,Abstain,audited,conv2d|dropout|gelu|linear
timm__SwiGLU__84a8d923,Abstain,audited,dropout|linear|silu
transformers__BertAttention__6252bb14,Abstain,audited,
transformers__BertEmbeddings__69ffff18,Abstain,tested-only,creation_ops|dropout|embed|expand|layer_norm
transformers__BertEncoder__1ec24e83,Abstain,audited,
transformers__BertForMaskedLM__f07c0986,Refuted,tested-only,cat|creation_ops|view
transformers__BertForMultipleChoice__e6a23721,Refuted,audited,dropout|linear|view
transformers__BertForNextSentencePrediction__ddcf8ce2,Refuted,audited,view
transformers__BertForPreTraining__fb4fc487,Refuted,audited,view
transformers__BertForQuestionAnswering__bfcb478d,Refuted,audited,clamp|contiguous|linear|split|squeeze
transformers__BertForSequenceClassification__b7751332,Refuted,audited,dropout|linear|squeeze|view
transformers__BertForTokenClassification__b3e3f097,Refuted,audited,dropout|linear|view
transformers__BertIntermediate__312fa54a,Abstain,audited,linear
transformers__BertLMHeadModel__ec7a8f20,Refuted,audited,
transformers__BertLMPredictionHead__239cfa65,Abstain,tested-only,creation_ops|linear
transformers__BertLayer__123bf444,Refuted,audited,
transformers__BertModel__9e1eaedc,Refuted,tested-only,creation_ops|expand
transformers__BertOnlyMLMHead__65f3818b,Abstain,audited,
transformers__BertOnlyNSPHead__b5da51c7,Verified,audited,linear
transformers__BertOutput__dc6ffac8,Verified,audited,dropout|layer_norm|linear
transformers__BertPooler__658a36e2,Verified,audited,linear|tanh
transformers__BertPreTrainedModel__f1864b27,Refuted,audited,embed|layer_norm|linear
transformers__BertPreTrainingHeads__c2e782bc,Abstain,audited,linear
transformers__BertPredictionHeadTransform__cd7753b8,Abstain,audited,layer_norm|linear
transformers__BertSdpaSelfAttention__29bd0f03,Refuted,audited,reshape|transpose|view
transformers__BertSelfAttention__fc15b00b,Abstain,tested-only,contiguous|creation_ops|dropout|einsum|embed|linear|matmul|permute|to|transpose|view
transformers__BertSelfOutput__d24a0336,Verified,audited,dropout|layer_norm|linear
transformers__GPT2Attention__35907b71,Abstain,tested-only,baddbmm|cat|contiguous|creation_ops|dropout|matmul|reshape|split|transpose|view|where
transformers__GPT2Block__5a2da440,Refuted,audited,layer_norm
transformers__GPT2DoubleHeadsModel__5882ffd8,Refuted,audited,contiguous|linear|squeeze|unsqueeze|view
transformers__GPT2ForQuestionAnswering__30e06c36,Refuted,audited,clamp|contiguous|linear|split|squeeze
transformers__GPT2ForSequenceClassification__26ea2284,Refuted,tested-only,argmax|creation_ops|linear|squeeze|view
transformers__GPT2ForTokenClassification__abb65812,Refuted,audited,dropout|linear|view
transformers__GPT2LMHeadModel__f7dd424c,Refuted,audited,linear
transformers__GPT2MLP__198760b0,Abstain,audited,dropout
transformers__GPT2Model__3940f67c,Refuted,tested-only,creation_ops|dropout|embed|layer_norm|unsqueeze|view
transformers__GPT2PreTrainedModel__7452c372,Refuted,audited,embed|layer_norm|linear
transformers__GPT2SequenceSummary__d6c4589c,Abstain,audited,dropout|expand|gather|linear|reduce|squeeze|unsqueeze
transformers__T5Attention__e925d4be,Abstain,tested-only,contiguous|creation_ops|einsum|elementwise_binary|embed|linear|matmul|permute|reduce|to|transpose|unsqueeze|view|where
transformers__T5Block__1480b6f9,Refuted,audited,clamp|where
transformers__T5ClassificationHead__bfd32115,Verified,audited,dropout|linear|tanh
transformers__T5DenseActDense__9f886322,Abstain,audited,dropout|linear
transformers__T5DenseGatedActDense__494ec975,Abstain,audited,dropout|linear
transformers__T5EncoderModel__1c87733d,Refuted,audited,embed
transformers__T5ForConditionalGeneration__da9445ce,Refuted,audited,embed|linear|view
transformers__T5ForQuestionAnswering__10c6b9c0,Refuted,audited,clamp|contiguous|embed|linear|split|squeeze
transformers__T5ForSequenceClassification__9276522e,Refuted,audited,reduce|squeeze|view
transformers__T5ForTokenClassification__94d40192,Refuted,audited,dropout|linear|view
transformers__T5LayerCrossAttention__8e29c5ad,Abstain,audited,dropout
transformers__T5LayerFF__6420723a,Abstain,audited,dropout
transformers__T5LayerNorm__f2d13050,Verified,tested-only,creation_ops|elementwise_binary|reduce|to
transformers__T5LayerSelfAttention__e603b033,Abstain,audited,dropout
transformers__T5Model__a2aaa18c,Refuted,audited,embed
transformers__T5PreTrainedModel__9585803b,Refuted,tested-only,cat|creation_ops
transformers__T5Stack__3c5b9f6a,Refuted,tested-only,creation_ops|dropout|expand|reshape|scaled_dot_product_attention|to|view
transformers__LlamaAttention__44665150,Abstain,tested-only,contiguous|linear|reshape|rotary_embedding|transpose|view
transformers__LlamaDecoderLayer__fd4ea02c,Refuted,audited,rms_norm
transformers__LlamaForCausalLM__509afe82,Refuted,audited,linear
transformers__LlamaForQuestionAnswering__09da66a6,Refuted,audited,
transformers__LlamaForSequenceClassification__7339e740,Refuted,audited,
transformers__LlamaForTokenClassification__f972e4a9,Refuted,audited,
transformers__LlamaMLP__8e486096,Abstain,audited,linear
transformers__LlamaModel__3fb478fa,Refuted,tested-only,creation_ops|embed|rms_norm|rotary_embedding|unsqueeze
transformers__LlamaPreTrainedModel__b255e18b,Refuted,audited,
transformers__LlamaRMSNorm__3d26a92d,Verified,tested-only,creation_ops|elementwise_binary|reduce|rms_norm|to
transformers__LlamaRotaryEmbedding__fbfd2bd8,Abstain,audited,cat|expand|to|transpose
transformers__ViTAttention__bf90faa3,Abstain,audited,
transformers__ViTEmbeddings__8cff6acb,Abstain,tested-only,cat|creation_ops|dropout|expand|permute|reshape|unsqueeze|view
transformers__ViTEncoder__856aaef3,Abstain,audited,
transformers__ViTForImageClassification__adc20c40,Refuted,audited,linear
transformers__ViTForMaskedImageModeling__062602cb,Refuted,tested-only,contiguous|conv2d|permute|pixel_shuffle|reduce|repeat_interleave|reshape|unsqueeze
transformers__ViTIntermediate__bf39eb56,Abstain,audited,linear
transformers__ViTLayer__a25f9cd5,Refuted,audited,layer_norm
transformers__ViTModel__81e12b22,Refuted,audited,layer_norm
transformers__ViTOutput__f793a8e0,Verified,audited,dropout|linear
transformers__ViTPatchEmbeddings__ff83e5e8,Abstain,audited,conv2d|flatten|transpose
transformers__ViTPooler__f219ee12,Abstain,audited,linear
transformers__ViTPreTrainedModel__d86c5588,Refuted,audited,conv2d|layer_norm|linear|to
transformers__ViTSelfAttention__b1e54a36,Abstain,audited,linear|reshape|transpose|view
transformers__ViTSelfOutput__de6f238c,Verified,audited,dropout|linear
transformers__WhisperAttention__a202e02a,Abstain,audited,contiguous|linear|reshape|transpose|view
transformers__WhisperDecoder__f2b1f17b,Refuted,tested-only,creation_ops|embed|layer_norm|repeat|unsqueeze|view
transformers__WhisperDecoderLayer__7b88f11a,Refuted,audited,layer_norm|linear
transformers__WhisperDecoderWrapper__f16eb33b,Refuted,audited,
transformers__WhisperEncoder__ca6bd151,Refuted,tested-only,conv1d|creation_ops|embed|layer_norm|permute
transformers__WhisperEncoderLayer__02c95568,Refuted,audited,clamp|layer_norm|linear
transformers__WhisperForAudioClassification__5c48a77a,Refuted,tested-only,argmax|creation_ops|linear|reduce|stack|view
transformers__WhisperForCausalLM__49d54f15,Refuted,audited,linear|view
transformers__WhisperForConditionalGeneration__ed440ec8,Refuted,audited,linear|reshape|view
transformers__WhisperModel__2cb724a8,Refuted,audited,expand
transformers__WhisperPositionalEmbedding__f3c92931,Verified,audited,embed
transformers__WhisperPreTrainedModel__aac856a9,Refuted,audited,conv1d|embed|layer_norm|linear
transformers__BartAttention__872534b2,Abstain,audited,contiguous|linear|reshape|transpose|view
transformers__BartClassificationHead__91ada2db,Verified,audited,dropout|linear|tanh
transformers__BartDecoder__37b31304,Refuted,tested-only,creation_ops|embed|layer_norm|view
transformers__BartDecoderLayer__964c0068,Refuted,audited,layer_norm|linear
transformers__BartDecoderWrapper__145bd043,Refuted,audited,
transformers__BartEncoder__9ecbfcaa,Refuted,tested-only,creation_ops|embed|layer_norm|view
transformers__BartEncoderLayer__22379aa0,Refuted,audited,clamp|layer_norm|linear
transformers__BartForCausalLM__badc2db2,Refuted,audited,linear|view
transformers__BartForConditionalGeneration__31f5e997,Refuted,tested-only,cat|creation_ops|embed|linear|split|topk|view
transformers__BartForQuestionAnswering__11e5505f,Refuted,audited,clamp|contiguous|linear|split|squeeze
transformers__BartForSequenceClassification__7b1a4896,Refuted,audited,reduce|squeeze|view
transformers__BartLearnedPositionalEmbedding__543fc3df,Refuted,tested-only,creation_ops|embed|expand|unsqueeze
transformers__BartModel__27886110,Refuted,audited,
transformers__BartPreTrainedModel__e2854e5b,Refuted,tested-only,creation_ops|embed|expand|layer_norm|linear|reshape|scaled_dot_product_attention
transformers__BartPretrainedModel__04fdcfe2,Refuted,audited,
transformers__BartScaledWordEmbedding__2ebe704c,Verified,audited,embed
transformers__PretrainedBartModel__90ec4e88,Refuted,audited,
transformers__DistilBertFlashAttention2__9971185e,Refuted,audited,reshape|rms_norm|view
transformers__DistilBertForMaskedLM__074cc05b,Refuted,audited,embed|layer_norm|linear|view
transformers__DistilBertForMultipleChoice__894eda84,Refuted,audited,dropout|embed|linear|relu|unsqueeze|view
transformers__DistilBertForQuestionAnswering__e9a36da2,Refuted,audited,clamp|contiguous|dropout|embed|linear|split|squeeze
transformers__DistilBertForSequenceClassification__2980befd,Refuted,audited,dropout|embed|linear|relu|squeeze|view
transformers__DistilBertForTokenClassification__bd1d20db,Refuted,audited,dropout|embed|linear|view
transformers__DistilBertModel__e1631f00,Refuted,tested-only,creation_ops|embed
transformers__DistilBertPreTrainedModel__1f6d3674,Refuted,audited,embed|layer_norm|linear
transformers__DistilBertSdpaAttention__96b383dd,Refuted,audited,contiguous|transpose|view
transformers__Embeddings__a64ca064,Verified,tested-only,creation_ops|dropout|embed|expand|layer_norm|unsqueeze
transformers__FFN__883768e0,Abstain,audited,dropout|linear
transformers__MultiHeadSelfAttention__56723522,Abstain,audited,contiguous|dropout|linear|matmul|transpose|view
transformers__Transformer__1a302bc3,Refuted,audited,
transformers__TransformerBlock__d7eea714,Refuted,audited,layer_norm
transformers__CLIPAttention__400df1d0,Abstain,audited,contiguous|linear|reshape|transpose|view
transformers__CLIPEncoder__7de3a90a,Abstain,audited,
transformers__CLIPEncoderLayer__907c2486,Refuted,audited,layer_norm
transformers__CLIPForImageClassification__53204b83,Refuted,audited,linear|reduce
transformers__CLIPMLP__d12a982d,Abstain,audited,linear
transformers__CLIPModel__13d2dfa6,Refuted,audited,linear|matmul
transformers__CLIPPreTrainedModel__592bf875,Refuted,audited,layer_norm|linear
transformers__CLIPTextEmbeddings__317a8260,Verified,tested-only,creation_ops|embed|expand
transformers__CLIPTextModel__fec7faa7,Refuted,audited,
transformers__CLIPTextModelWithProjection__7f89d913,Refuted,audited,linear
transformers__CLIPTextTransformer__031c0e29,Abstain,tested-only,argmax|creation_ops|layer_norm|to|view
transformers__CLIPVisionEmbeddings__e11586d7,Abstain,tested-only,cat|conv2d|creation_ops|embed|expand|flatten|permute|reshape|to|transpose|unsqueeze|view
transformers__CLIPVisionModel__f9612f8b,Refuted,audited,
transformers__CLIPVisionModelWithProjection__42d64006,Refuted,audited,linear
transformers__CLIPVisionTransformer__89db1fbd,Abstain,audited,layer_norm
transformers__MistralAttention__8ac29b08,Abstain,tested-only,contiguous|linear|reshape|rotary_embedding|transpose|view
transformers__MistralDecoderLayer__e784c786,Refuted,audited,rms_norm
transformers__MistralForCausalLM__2460b16a,Refuted,audited,linear
transformers__MistralForQuestionAnswering__8b18fca6,Refuted,audited,
transformers__MistralForSequenceClassification__575cee26,Refuted,audited,
transformers__MistralForTokenClassification__f6513bc5,Refuted,audited,
transformers__MistralMLP__77a47fec,Abstain,audited,linear
transformers__MistralModel__a8738ef2,Refuted,tested-only,creation_ops|embed|rms_norm|rotary_embedding|unsqueeze
transformers__MistralPreTrainedModel__c5a3ee26,Refuted,audited,
transformers__MistralRMSNorm__fada1fa7,Verified,tested-only,creation_ops|elementwise_binary|reduce|rms_norm|to
transformers__MistralRotaryEmbedding__fafa13a1,Abstain,audited,cat|expand|to|transpose
transformers__GemmaAttention__dd2e41bc,Abstain,tested-only,contiguous|linear|reshape|rotary_embedding|transpose|view
transformers__GemmaDecoderLayer__6502abe9,Refuted,audited,rms_norm
transformers__GemmaForCausalLM__64e45a7d,Refuted,audited,linear
transformers__GemmaForSequenceClassification__834f8664,Refuted,audited,
transformers__GemmaForTokenClassification__284b1df0,Refuted,audited,
transformers__GemmaMLP__c43d07a7,Abstain,audited,linear
transformers__GemmaModel__a5eac09f,Refuted,tested-only,creation_ops|embed|rms_norm|rotary_embedding|unsqueeze
transformers__GemmaPreTrainedModel__bea9489b,Refuted,audited,rms_norm
transformers__GemmaRMSNorm__3af82dcc,Abstain,tested-only,creation_ops|elementwise_binary|reduce|rms_norm
transformers__GemmaRotaryEmbedding__73305142,Abstain,audited,cat|expand|to|transpose
transformers__FalconAttention__9742bf57,Abstain,tested-only,broadcast_to|contiguous|dropout|flatten|permute|reshape|rotary_embedding|softmax|to|transpose|view
transformers__FalconDecoderLayer__6582cbfb,Refuted,audited,
transformers__FalconFlashAttention2__c64fa866,Refuted,tested-only,reshape|rotary_embedding|transpose
transformers__FalconForCausalLM__0bd2b170,Refuted,audited,linear
transformers__FalconForQuestionAnswering__4a8af66e,Refuted,audited,clamp|contiguous|linear|split|squeeze
transformers__FalconForSequenceClassification__53df6fb0,Refuted,tested-only,argmax|creation_ops|linear|squeeze
transformers__FalconForTokenClassification__ed8d05f2,Refuted,audited,dropout|linear|view
transformers__FalconLinear__11c4d60e,Verified,audited,linear
transformers__FalconMLP__6b8bea33,Abstain,audited,
transformers__FalconModel__15321937,Refuted,tested-only,creation_ops|embed|expand|reshape|rotary_embedding|scaled_dot_product_attention|unsqueeze
transformers__FalconPreTrainedModel__55936532,Refuted,audited,embed|linear
transformers__FalconRotaryEmbedding__0d3de369,Abstain,audited,cat|expand|to|transpose
transformers__GPTNeoXAttention__0cfba163,Abstain,tested-only,chunk|contiguous|linear|reshape|rotary_embedding|transpose|view
transformers__GPTNeoXDecoderLayer__fdd10742,Refuted,audited,rms_norm
transformers__GPTNeoXForCausalLM__303baee1,Refuted,audited,linear
transformers__GPTNeoXForQuestionAnswering__a03baec2,Refuted,audited,contiguous|linear|split|squeeze
transformers__GPTNeoXForSequenceClassification__71a009c6,Refuted,tested-only,argmax|creation_ops|linear
transformers__GPTNeoXForTokenClassification__86a22a5b,Refuted,audited,dropout|linear
transformers__GPTNeoXLayer__e0f32bd0,Refuted,audited,dropout|layer_norm
transformers__GPTNeoXMLP__80844091,Abstain,audited,linear
transformers__GPTNeoXModel__1d753983,Refuted,tested-only,creation_ops|dropout|embed|layer_norm|rotary_embedding|to|unsqueeze
transformers__GPTNeoXPreTrainedModel__9eda7029,Refuted,audited,
transformers__GPTNeoXRMSNorm__d653611b,Verified,tested-only,creation_ops|elementwise_binary|reduce|rms_norm|to
transformers__GPTNeoXRotaryEmbedding__a44abc41,Abstain,audited,cat|expand|to|transpose
transformers__Qwen2Attention__bd67b6c8,Abstain,tested-only,contiguous|linear|reshape|rotary_embedding|transpose|view
transformers__Qwen2DecoderLayer__87203a27,Refuted,audited,rms_norm
transformers__Qwen2ForCausalLM__8bbd0043,Refuted,audited,linear
transformers__Qwen2ForQuestionAnswering__a8a5c2d4,Refuted,audited,
transformers__Qwen2ForSequenceClassification__6433ca29,Refuted,audited,
transformers__Qwen2ForTokenClassification__37e86321,Refuted,audited,
transformers__Qwen2MLP__847e5083,Abstain,audited,linear
transformers__Qwen2Model__58bb107f,Refuted,tested-only,creation_ops|embed|rms_norm|rotary_embedding|unsqueeze
transformers__Qwen2PreTrainedModel__a311ac62,Refuted,audited,
transformers__Qwen2RMSNorm__795d458c,Verified,tested-only,creation_ops|elementwise_binary|reduce|rms_norm|to
transformers__Qwen2RotaryEmbedding__c9b7a59b,Abstain,audited,cat|expand|to|transpose
transformers__RobertaAttention__e006f377,Abstain,audited,
transformers__RobertaClassificationHead__d31ced3e,Verified,audited,dropout|linear|tanh
transformers__RobertaEmbeddings__27d0f198,Abstain,tested-only,creation_ops|dropout|embed|expand|layer_norm|unsqueeze
transformers__RobertaEncoder__320be8e6,Abstain,audited,
transformers__RobertaForCausalLM__bd93edfc,Refuted,audited,
transformers__RobertaForMaskedLM__6e029774,Refuted,audited,view
transformers__RobertaForMultipleChoice__0324395b,Refuted,audited,dropout|linear|view
transformers__RobertaForQuestionAnswering__e34c038b,Refuted,audited,clamp|contiguous|linear|split|squeeze
transformers__RobertaForSequenceClassification__38529e03,Refuted,audited,squeeze|view
transformers__RobertaForTokenClassification__a9785151,Refuted,audited,dropout|linear|view
transformers__RobertaIntermediate__9da9fb8b,Abstain,audited,linear
transformers__RobertaLMHead__dc339265,Verified,tested-only,creation_ops|layer_norm|linear
transformers__RobertaLayer__a95c30ac,Refuted,audited,
transformers__RobertaModel__e903ada9,Refuted,tested-only,creation_ops|expand
transformers__RobertaOutput__85cdfff1,Verified,audited,dropout|layer_norm|linear
transformers__RobertaPooler__43433f8b,Verified,audited,linear|tanh
transformers__RobertaPreTrainedModel__e616dcd3,Refuted,audited,embed|layer_norm|linear
transformers__RobertaSdpaSelfAttention__cc16368b,Refuted,audited,reshape|transpose|view
transformers__RobertaSelfAttention__56085e50,Abstain,tested-only,contiguous|creation_ops|dropout|einsum|embed|linear|matmul|permute|to|transpose|view
transformers__RobertaSelfOutput__4b1851b0,Verified,audited,dropout|layer_norm|linear
transformers__AlbertAttention__9691e747,Abstain,tested-only,creation_ops|dropout|einsum|embed|flatten|layer_norm|linear|matmul|to|transpose|view
transformers__AlbertEmbeddings__aa5a3981,Abstain,tested-only,creation_ops|dropout|embed|expand|layer_norm
transformers__AlbertForMaskedLM__444a57ae,Refuted,audited,argmax|embed|linear|view|where
transformers__AlbertForMultipleChoice__3d721e99,Refuted,audited,dropout|linear|view
transformers__AlbertForPreTraining__0bc1b159,Refuted,audited,embed|linear|unsqueeze|view
transformers__AlbertForQuestionAnswering__4a242c13,Refuted,audited,clamp|contiguous|linear|split|squeeze
transformers__AlbertForSequenceClassification__fd9bb76c,Refuted,audited,dropout|linear|squeeze|view
transformers__AlbertForTokenClassification__a514ef32,Refuted,audited,dropout|linear|view
transformers__AlbertLayer__50bc51d0,Abstain,audited,dropout|layer_norm|linear
transformers__AlbertLayerGroup__ef35f8f2,Refuted,audited,
transformers__AlbertMLMHead__8a0fa150,Abstain,tested-only,creation_ops|layer_norm|linear
transformers__AlbertModel__f4b637f2,Refuted,tested-only,creation_ops|embed|expand|linear|tanh|to|unsqueeze
transformers__AlbertPreTrainedModel__6b90b824,Refuted,audited,embed|layer_norm|linear
transformers__AlbertSOPHead__016ff313,Verified,audited,dropout|linear
transformers__AlbertSdpaAttention__6c7a75f6,Refuted,audited,reshape|transpose|view
transformers__AlbertTransformer__5a849827,Abstain,audited,linear
transformers__OPTAttention__46b5daf0,Abstain,audited,contiguous|linear|reshape|transpose|view
transformers__OPTDecoder__c91a52f0,Refuted,tested-only,creation_ops|embed|expand|layer_norm|linear|reshape|scaled_dot_product_attention|unsqueeze|view
transformers__OPTDecoderLayer__24a4c9cc,Refuted,audited,layer_norm|linear|reshape|view
transformers__OPTForCausalLM__2b15a250,Refuted,audited,contiguous|linear
transformers__OPTForQuestionAnswering__b4351cc4,Refuted,audited,argmax|clamp|contiguous|linear|split|squeeze
transformers__OPTForSequenceClassification__5365eb03,Refuted,tested-only,argmax|creation_ops|linear|squeeze|view
transformers__OPTLearnedPositionalEmbedding__6fb6e1e7,Verified,audited,embed
transformers__OPTModel__bb5f30a8,Refuted,audited,
transformers__OPTPreTrainedModel__8d7cca0c,Refuted,audited,embed|layer_norm|linear
transformers__BloomAttention__4ab351a5,Abstain,audited,bmm|dropout|linear|permute|reshape|softmax|transpose|view
transformers__BloomBlock__3a17894c,Refuted,audited,
transformers__BloomForCausalLM__36a60c67,Refuted,tested-only,cat|contiguous|creation_ops|linear
transformers__BloomForQuestionAnswering__7994d60e,Refuted,audited,clamp|contiguous|linear|split|squeeze
transformers__BloomForSequenceClassification__81e125ad,Refuted,tested-only,argmax|creation_ops|linear|squeeze
transformers__BloomForTokenClassification__057bf6a0,Refuted,audited,dropout|linear|view
transformers__BloomGelu__8ee84096,Verified,audited,
transformers__BloomMLP__43666c6d,Abstain,audited,linear
transformers__BloomModel__f089388c,Refuted,tested-only,creation_ops|embed|expand|reshape|scaled_dot_product_attention
transformers__BloomPreTrainedModel__4a772e64,Refuted,audited,embed|linear
transformers__ContextPooler__8ee8f94f,Abstain,audited,dropout|linear
transformers__DebertaAttention__ad76f1a3,Abstain,audited,
transformers__DebertaEmbeddings__a04a0e1f,Abstain,tested-only,creation_ops|dropout|embed|expand|linear|squeeze|unsqueeze
transformers__DebertaEncoder__233bff42,Abstain,audited,embed|squeeze|unsqueeze
transformers__DebertaForMaskedLM__bdf0c81c,Refuted,audited,view
transformers__DebertaForQuestionAnswering__dbb32f9f,Refuted,audited,clamp|contiguous|linear|split|squeeze
transformers__DebertaForSequenceClassification__f3f064d8,Refuted,audited,dropout|expand|gather|linear|reduce|squeeze|view
transformers__DebertaForTokenClassification__db2b551a,Refuted,audited,dropout|linear|view
transformers__DebertaIntermediate__0eab50bc,Abstain,audited,linear
transformers__DebertaLMPredictionHead__eda030a3,Abstain,tested-only,creation_ops|layer_norm|linear|matmul
transformers__DebertaLayer__a1667b76,Refuted,audited,
transformers__DebertaLayerNorm__fb3b5814,Verified,tested-only,creation_ops|elementwise_binary|reduce
transformers__DebertaModel__d4dcd33c,Refuted,tested-only,creation_ops
transformers__DebertaOnlyMLMHead__d2057fff,Abstain,audited,
transformers__DebertaOutput__984d5f9f,Abstain,audited,dropout|linear
transformers__DebertaPreTrainedModel__81744cba,Refuted,audited,embed|layer_norm|linear
transformers__DebertaSelfOutput__89334fca,Abstain,audited,dropout|linear
transformers__DisentangledSelfAttention__b8334cec,Abstain,tested-only,cat|chunk|clamp|contiguous|creation_ops|dropout|gather|linear|matmul|permute|split|to|transpose|unsqueeze|view
transformers__LegacyDebertaLMPredictionHead__c60fb93e,Abstain,tested-only,creation_ops|linear
transformers__LegacyDebertaOnlyMLMHead__230311ab,Abstain,audited,
transformers__LegacyDebertaPredictionHeadTransform__32cb6d4e,Abstain,audited,layer_norm|linear
transformers__ElectraAttention__5759530c,Abstain,audited,
transformers__ElectraClassificationHead__4afaea88,Abstain,audited,dropout|linear
transformers__ElectraDiscriminatorPredictions__3e27518e,Abstain,audited,linear|squeeze
transformers__ElectraEmbeddings__42cd8d0b,Abstain,tested-only,creation_ops|dropout|embed|expand|layer_norm
transformers__ElectraEncoder__5529778a,Abstain,audited,
transformers__ElectraForCausalLM__096d250d,Refuted,audited,linear
transformers__ElectraForMaskedLM__d15e3e41,Refuted,audited,linear|view
transformers__ElectraForMultipleChoice__6fbdbe6b,Refuted,audited,linear|view
transformers__ElectraForPreTraining__74bdacae,Refuted,audited,squeeze|view
transformers__ElectraForQuestionAnswering__389f4d6e,Refuted,audited,clamp|contiguous|linear|split|squeeze
transformers__ElectraForSequenceClassification__af15f28d,Refuted,audited,squeeze|view
transformers__ElectraForTokenClassification__12722bf3,Refuted,audited,dropout|linear|view
transformers__ElectraGeneratorPredictions__5ad5a190,Abstain,audited,layer_norm|linear
transformers__ElectraIntermediate__84a0c6ce,Abstain,audited,linear
transformers__ElectraLayer__e8b525e7,Refuted,audited,
transformers__ElectraModel__12079a7f,Refuted,tested-only,creation_ops|expand|linear
transformers__ElectraOutput__6cf5d663,Verified,audited,dropout|layer_norm|linear
transformers__ElectraPreTrainedModel__1e4993ba,Refuted,audited,embed|layer_norm|linear
transformers__ElectraSelfAttention__3f68d2e7,Abstain,tested-only,contiguous|creation_ops|dropout|einsum|embed|linear|matmul|permute|to|transpose|view
transformers__ElectraSelfOutput__ddfbfff8,Verified,audited,dropout|layer_norm|linear
transformers__ElectraSequenceSummary__fa325a69,Abstain,audited,dropout|expand|gather|linear|reduce|squeeze|unsqueeze
